Bisch,Quelle_Inst,function,activity,Zeitraum,Institution,spezifische Institution,SOFISwiki_Inst/Projekt,SOFISwiki_instID/Projekt-ID
"Blossfeld, Hans-Peter",Uni Bamberg,,,,Universität Bamberg,Bamberg Graduate School of Social Sciences,Bamberg Graduate School of Social Sciences (Bamberg),725858
"Blossfeld, Hans-Peter",Google Scholar,,,,European University Institute (EUI),n,European University Institute (San Domenico di Fiesole),254
"Blossfeld, Hans-Peter",Wikipedia,Professor und Chair in Political and Social Sciences ,,1989-1992,European University Institute (EUI),n,European University Institute (San Domenico di Fiesole),254
"Blossfeld, Hans-Peter",Wikipedia,Professor und Chair of Sociology,,2012/9-,European University Institute,n,European University Institute (San Domenico di Fiesole),254
"Blossfeld, Hans-Peter",European University Institute (San Domenico di Fiesole),,Venia Legendi,1987,Freie Universität Berlin,n,Freie Universität Berlin (Berlin),1255
"Blossfeld, Hans-Peter",Wikipedia,,,1984–1992,Max-Planck-Institut für Bildungsforschung (Berlin),n,Max-Planck-Institut für Bildungsforschung (Berlin),2458
"Blossfeld, Hans-Peter",Wikipedia,Fellow,,1988-1989,Netherlands Institute for Advanced Study in the Humanities and Social Sciences,n,n,n
"Blossfeld, Hans-Peter",Wikipedia,Direktor,,2008–2012,Institut für bildungswissenschaftliche Längsschnittstudien (ifb),n,n,n
"Blossfeld, Hans-Peter",Wikipedia,Gründer und Leiter,,2006-2008,Nationales Bildungspanel (NEPS),n,n,n
"Blossfeld, Hans-Peter",Google Scholar,,,,Universität Bamberg,n,Otto-Friedrich-Universität Bamberg (Bamberg),3295
"Blossfeld, Hans-Peter",Wikipedia,Lehrstuhl für Soziologie I,,2002-,Universität Bamberg,n,Otto-Friedrich-Universität Bamberg (Bamberg),3295
"Blossfeld, Hans-Peter",Wikipedia,Leiter,,2003–2012,Universität Bamberg,Staatsinstitut für Familienforschung,Staatsinstitut für Familienforschung an der Universität Bamberg (Bamberg),17827
"Blossfeld, Hans-Peter",Wikipedia,"Lehrstuhlinhaber für Allgemeine Soziologie, insbesondere Theorie und Empirie von Sozialstrukturen und Wirtschaftssystemen",,1998-2002,Universität Bielefeld,n,Universität Bielefeld (Bielefeld),3300
"Blossfeld, Hans-Peter",Wikipedia,Lehrstuhlinhaber für Statistik und Methoden der empirischen Sozialforschung,,1992-1998,Universität Bremen,n,Universität Bremen (Bremen),3303
"Blossfeld, Hans-Peter",European University Institute (San Domenico di Fiesole),,Dr. rer. pol.,1984,Universität Mannheim,n,Universität Mannheim (Mannheim),3337
"Blossfeld, Hans-Peter",Wikipedia,VASMA-Projekt,,1980-1984,Universität Mannheim,n,Universität Mannheim (Mannheim),3337
"Blossfeld, Hans-Peter",Wikipedia,,,1976-1980,Universität Regensburg (Regensburg),n,Universität Regensburg (Regensburg),3344
"Brüderl, Josef",Ludwig-Maximilians-Universität München,Wissenschaftlicher Assistent Institut für Soziologie Universität Bern,,1991-1992,Universität Bern,Institut für Soziologie,Department Sozialwissenschaften Institut für Soziologie (Bern),8563
"Brüderl, Josef",Ludwig-Maximilians-Universität München,Habilitation,Venia Legendi,1997,Universität Bern,Institut für Soziologie,Department Sozialwissenschaften Institut für Soziologie (Bern),8563
"Brüderl, Josef",Ludwig-Maximilians-Universität München,Wissenschaftlicher Assistent Institut für Soziologie LMU München,,1992-1998,Ludwig-Maximilians-Universität München,Institut für Soziologie,Institut für Soziologie (München),8978
"Brüderl, Josef",Ludwig-Maximilians-Universität München,Professor für Soziologie ,,2011 - ,Ludwig-Maximilians-Universität München,Institut für Soziologie,Institut für Soziologie (München),8978
"Brüderl, Josef",Ludwig-Maximilians-Universität München,Studium,Diplom Soziologie,1981 - 1986,Ludwig-Maximilians-Universität München,n,Ludwig-Maximilians-Universität München (München),3339
"Brüderl, Josef",Ludwig-Maximilians-Universität München,Studium,Diplom Ökonomie,1983 - 1988,Ludwig-Maximilians-Universität München,n,Ludwig-Maximilians-Universität München (München),3339
"Brüderl, Josef",Ludwig-Maximilians-Universität München,Studium,Dr. rer. pol.,1990,Ludwig-Maximilians-Universität München,n,Ludwig-Maximilians-Universität München (München),3339
"Brüderl, Josef",Ludwig-Maximilians-Universität München,Professor für Statistik und Methoden der Sozialforschung,,1998 - 2011,Universität Mannheim,n,Universität Mannheim (Mannheim),3337
"Davidov, Eldad",Universität Zürich,Member,Scientific advisory board,n,GESIS ,n,GESIS - Leibniz-Institut für Sozialwissenschaften (Mannheim),10581
"Davidov, Eldad",Universität Köln,Member,Scientific advisory board,n,GESIS,n,GESIS - Leibniz-Institut für Sozialwissenschaften (Mannheim),10581
"Davidov, Eldad",Universität Zürich,Ph.D. in Social Sciences,n,2001-2004,Gießen University,n,Justus-Liebig-Universität Gießen (Gießen),3320
"Davidov, Eldad",Universität Zürich,Research assistant and project director,n,2004-2006,Gießen University,n,Justus-Liebig-Universität Gießen (Gießen),3320
"Davidov, Eldad",Universität Köln,Ph.D. in Social Sciences,n,2001-2004,Gießen University,n,Justus-Liebig-Universität Gießen (Gießen),3320
"Davidov, Eldad",Universität Köln,Research assistant and project director,n,2004-2006,Gießen University,n,Justus-Liebig-Universität Gießen (Gießen),3320
"Davidov, Eldad",Universität Zürich,Co-director,"University Research Priority Program (URPP) ""Social Networks""",2015-,n,n,n,n
"Davidov, Eldad",Universität Zürich,President,European Survey Research Association (ESRA),2015-2017,n,n,n,n
"Davidov, Eldad",Universität Zürich,Editor of the book series of the European Association of Methodology (EAM),n,n,n,n,n,n
"Davidov, Eldad",Universität Zürich,Advisory board member,"Journals: Survey Research Methods (SRM), Social Science Research (SSR), Social Problems",n,n,n,n,n
"Davidov, Eldad",Universität Zürich,Vice president,European Survey Research Association (ESRA),2013/07-2015/07,European Survey Research Association,n,n,n
"Davidov, Eldad",Universität Zürich,President,European Survey Research Association (ESRA),2015/07-2017/07,European Survey Research Association,n,n,n
"Davidov, Eldad",Universität Köln,Co-director,"University Research Priority Program (URPP) ""Social Networks""",2015-,n,n,n,n
"Davidov, Eldad",Universität Köln,President,European Survey Research Association (ESRA),2015-2017,n,n,n,n
"Davidov, Eldad",Universität Köln,Editor of the book series of the European Association of Methodology (EAM),Services,n,European Association of Methodoloy (EAM),n,n,n
"Davidov, Eldad",Universität Köln,Guest editor ,"special issue in the journals: Survey Research Methods, Sociological Methods&Research, International Journal of Comparatove Sociology, Methods, Data, Analyses",n,n,n,n,n
"Davidov, Eldad",Universität Köln,Advisory board member,"in the journals: Survey Research Methods, Social Science Research, Social Problems, Politische Psychologie",n,n,n,n,n
"Davidov, Eldad",Universität Köln,Vice president,European Survey Research Association (ESRA),2013/07-2015/07,European Survey Research Association,n,n,n
"Davidov, Eldad",Universität Köln,President,European Survey Research Association (ESRA),2015/07-2017/07,European Survey Research Association,n,n,n
"Davidov, Eldad",Universität Zürich,Studium,BA in economics,1993-1995,Tel Aviv University,n,Tel Aviv University,3203
"Davidov, Eldad",Universität Zürich,Studium,MA in economics,1994-1996,Tel Aviv University,n,Tel Aviv University,3203
"Davidov, Eldad",Universität Zürich,Teacher and research assistant sociology,n,1997-1999,Tel Aviv University,n,Tel Aviv University,3203
"Davidov, Eldad",Universität Köln,Studium,BA in economics,1993-1995,Tel Aviv University,n,Tel Aviv University,3203
"Davidov, Eldad",Universität Köln,Studium,MA in economics,1994-1996,Tel Aviv University,n,Tel Aviv University,3203
"Davidov, Eldad",Universität Köln,Teacher and research assistant sociology,n,1997-1999,Tel Aviv University,n,Tel Aviv University,3203
"Davidov, Eldad",Universität Köln,Habilitation,Venia legendi for Sociology,2008,Cologne University,n,Universität Köln,3327
"Davidov, Eldad",Universität Köln,Full professorship,Methods of Empirical Social Research,2016-,University of Cologne,n,Universität Köln,3327
"Davidov, Eldad",Universität Zürich,Substitute professorship,n,2007-2008,University of Mannheim,n,Universität Mannheim (Mannheim),3337
"Davidov, Eldad",Universität Köln,Substitute professorship,n,2007-2008,University of Mannheim,n,Universität Mannheim (Mannheim),3337
"Davidov, Eldad",Universität Zürich,Associate professorship,in Sociology,2009-,University of Zurich,Department of Sociology ,Universität Zürich,3354
"Davidov, Eldad",Universität Köln,Associate professorship,in Sociology,2009-,University of Zurich,n,Universität Zürich,3354
"Davidov, Eldad",Universität Zürich,Full professorship,Methods of Empirical Social Research,2016-,University of Cologne,Institute of Sociology and Social Psychology,Universitäts- und Stadtbibliothek Köln – USB,727529
"Davidov, Eldad",Universität Zürich,Research assistant  ,n,2006-2008,University of Cologne,GESIS-Central Archive for Empirical Social Research,University of Cologne,3327
"Davidov, Eldad",Universität Zürich,Habilitation,Venia legendi for Sociology,2008,Cologne University,n,University of Cologne,3327
"Davidov, Eldad",Universität Zürich,Substitute professorship,n,2008-2009,University of Cologne,Sociology,University of Cologne,3327
"Davidov, Eldad",Universität Köln,Research assistant  ,n,2006-2008,University of Cologne,GESIS-Central Archive for Empirical Social Research,University of Cologne,3327
"Davidov, Eldad",Universität Köln,Substitute professorship,n,2008-2009,University of Cologne,Institute of Sociology and Social Psychology,University of Cologne,3327
"Depping, Ralf",https://www.ub.uni-koeln.de/bibliothek/kontakt/personal/depping/index_ger.html, Referendariat für den höheren Bibliotheksdienst,n,1990-1992,FH Köln,n,Fachhochschule Köln (Köln),1075
"Depping, Ralf",https://www.ub.uni-koeln.de/bibliothek/kontakt/personal/depping/index_ger.html,"Studium Soziologie, Publizistik und Philosophie ",n,1983-1988,Universität Göttingen,n,Georg-August-Universität Göttingen (Göttingen),9292
"Depping, Ralf",https://www.ub.uni-koeln.de/bibliothek/kontakt/personal/depping/index_ger.html,Buchhandelslehre,n,1981-1983,n,n,n,n
"Depping, Ralf",https://www.ub.uni-koeln.de/bibliothek/kontakt/personal/depping/index_ger.html,Verlagstätigkeit,n,1989-1990,n,n,n,n
"Depping, Ralf",https://www.ub.uni-koeln.de/bibliothek/kontakt/personal/depping/index_ger.html,Fachreferent Jura,n,1993-1994,USB Köln,n,USB Köln,727529
"Depping, Ralf",https://www.ub.uni-koeln.de/bibliothek/kontakt/personal/depping/index_ger.html,Fachreferent BWL,n,1994-2013,USB Köln,n,USB Köln,727529
"Depping, Ralf",https://www.ub.uni-koeln.de/bibliothek/kontakt/personal/depping/index_ger.html, Fachreferent Soziologie,n,2013-2015,USB Köln,n,USB Köln,727529
"Depping, Ralf",https://www.ub.uni-koeln.de/bibliothek/kontakt/personal/depping/index_ger.html,Dezernent für dezentrale und assoziierte Bibliotheken,n,2000-2006 ,USB Köln,n,USB Köln,727529
"Depping, Ralf",https://www.ub.uni-koeln.de/bibliothek/kontakt/personal/depping/index_ger.html,Dezernent für Benutzung,n,seit 2006,USB Köln,n,USB Köln,727529
"Depping, Ralf",https://www.ub.uni-koeln.de/bibliothek/kontakt/personal/depping/index_ger.html,Leiter Stabsstelle Forschung und Entwicklung,n,seit 2015,USB Köln,n,USB Köln,727529
"Farago, Peter",FORS,Leiter Kompetenzzentrum Sozialwissenschaften FORS in Lausanne,,? - 2016,Kompetenzzentrum Sozialwissenschaften FORS in Lausanne,n,n,
"Farago, Peter",FORS,Professor,,? - 2016,Universität Lausanne,n,Université de Lausanne (Lausanne),3257
"Fitzenberger, Bernd",HU Berlin,Professor,"Lehrstuhl für Volkswirtschaftslehre, insb. Labor Economics",2004/04-2007/03,Goethe-Universität Frankfurt,,Goethe-Universität Frankfurt (Frankfurt am Main),3313
"Fitzenberger, Bernd",HU Berlin,Professor,Lehrstuhl für Statistik und Ökometrie,2007/04-2015/03,Albert-Ludwigs-Universität Freiburg ,Institut für Allgemeine Wirtschaftsforschung Abt. Empirische Wirtschaftsforschung und Ökonometrie ,Institut für Allgemeine Wirtschaftsforschung Abt. Empirische Wirtschaftsforschung und Ökonometrie (Freiburg im Breisgau),31382
"Fitzenberger, Bernd",HU Berlin,Professor,Lehrstuhl für Ökonometrie,2015/04,Humboldt-Universität Berlin,Institut für Ökonometrie,Institut für Statistik und Ökonometrie (Berlin),30103
"Fitzenberger, Bernd",HU Berlin,Studium,Master Statistics,1991/03-1991/12,Stanford University,,Stanford University (Stanford),10388
"Fitzenberger, Bernd",HU Berlin,Promotion,Ph.D.,1989/09-1993/03,Stanford University,,Stanford University (Stanford),10388
"Fitzenberger, Bernd",HU Berlin,Forschungsassistent und Assistent in der Lehre,n,1989/10-1993/03,Stanford University,,Stanford University (Stanford),10388
"Fitzenberger, Bernd",HU Berlin,Professor,"Volkswirtschaftslehre, insb. Sozialpolitik",1998/10-1999/09,Technische Universität Dresden,,Technische Universität Dresden (Dresden),12262
"Fitzenberger, Bernd",HU Berlin,Studium,Diplom Volkswirtschaftslehre und Mathe,1982/10-1989/09,Universität Konstanz ,,Universität Konstanz (Konstanz),3332
"Fitzenberger, Bernd",HU Berlin,Studium,Diplom Volkswirtschaftslehre und Mathe,1987/10,Universität Konstanz ,,Universität Konstanz (Konstanz),3332
"Fitzenberger, Bernd",HU Berlin,Studium,Vordiplom Mathematik,1989/06,Universität Konstanz ,,Universität Konstanz (Konstanz),3332
"Fitzenberger, Bernd",HU Berlin,Wissenschaftlichr Mitarbeiter,n,1993/04-1996/09,Universität Konstanz ,,Universität Konstanz (Konstanz),3332
"Fitzenberger, Bernd",HU Berlin,Habilitation,n,1993/04-1998/12,Universität Konstanz ,,Universität Konstanz (Konstanz),3332
"Fitzenberger, Bernd",HU Berlin,Professor,"Lehrstuhl für Volkswirtschaftslehre, insb. Ökonometrie",1999/10-2004/03,Universität Mannheim,,Universität Mannheim (Mannheim),3337
"Fortin-Rittberger, Jessica",linkedin,Senior Research Associate,Erfahrung,2009/05-2013/09,GESIS - Leibniz-Institut für Sozialwissenschaften,n,GESIS - Leibniz-Institut für Sozialwissenschaften (Mannheim),10581
"Fortin-Rittberger, Jessica",Universität Salzburg,Senior Researcher,n,2009-2013,GESIS-Leibniz Institut für Sozialwissenschaften in Mannheim,n,GESIS - Leibniz-Institut für Sozialwissenschaften (Mannheim),10581
"Fortin-Rittberger, Jessica",http://jessica-fortin.weebly.com/about.html,Senior Research Associate,Previous positions,n,GESIS - Leibniz-Institut für Sozialwissenschaften,The Comparative Study of Electoral Systems (CSES),GESIS - Leibniz-Institut für Sozialwissenschaften (Mannheim),10581
"Fortin-Rittberger, Jessica",linkedin,Post-doctoral Research Fellow,Erfahrung,2008/04-2009/04,Leuphana Universität Lüneburg,n,Leuphana Universität Lüneburg (Lüneburg),1535
"Fortin-Rittberger, Jessica",Universität Salzburg,Postdoc-Stipendium ,n,n,Universität Lüneburg,n,Leuphana Universität Lüneburg (Lüneburg),1535
"Fortin-Rittberger, Jessica",linkedin,Ausbildung,"Ph.D., Political Science",2001-2008,McGill University,n,McGill University Montreal (Montreal),14641
"Fortin-Rittberger, Jessica",Universität Salzburg,Promotion,n,2008,McGill University,n,McGill University Montreal (Montreal),14641
"Fortin-Rittberger, Jessica",http://jessica-fortin.weebly.com/about.html,Education,Ph.D. ,2008,McGill University,Department of Political Science,McGill University Montreal (Montreal),14641
"Fortin-Rittberger, Jessica",linkedin,Ausbildung,"M.Sc., Political Science",1999-2001,Universität Montreal,n,n,n
"Fortin-Rittberger, Jessica",http://jessica-fortin.weebly.com/about.html,Education,B.Sc.,1999,Universität Montreal,Department of Political Science,n,n
"Fortin-Rittberger, Jessica",http://jessica-fortin.weebly.com/about.html,Education,M.Sc. ,2001,Universität Montreal,Department of Political Science,n,n
"Fortin-Rittberger, Jessica",linkedin,Chair fo Comparative Government (visiting),Erfahrung,2010/09-2011/08,Universität Mannheim,n,Universität Mannheim (Mannheim),3337
"Fortin-Rittberger, Jessica",Universität Salzburg,Lehrstuhlvertretung,n,2010-2011,Universität Mannheim,Lehrstuhl für Vergleichende Regierungslehre,Universität Mannheim (Mannheim),3337
"Fortin-Rittberger, Jessica",http://jessica-fortin.weebly.com/about.html,Chair fo Comparative Government (visiting),Previous positions,2010/09 - 2011/12,Universität Mannheim,Lehrstuhl für Politische Wissenschaft III (Comparative Government),Universität Mannheim (Mannheim),3337
"Fortin-Rittberger, Jessica",Scopus,n,n,n,Universität Salzburg,Department of Political Science,Universität Salzburg (Salzburg),3346
"Fortin-Rittberger, Jessica",linkedin,Professor,Erfahrung,2013-,Universität Salzburg,Comparative Politics,Universität Salzburg (Salzburg),3346
"Fortin-Rittberger, Jessica",Universität Salzburg,Professorin,Vergleichende Politikwissenschaft,n,Universität Salzburg,Fachbereich für Poliltikwissenschaft und Soziologie,Universität Salzburg (Salzburg),3346
"Fortin-Rittberger, Jessica",http://jessica-fortin.weebly.com/about.html,Professor of Comparative Politics,Current position,2013/10-,Universität Salzburg,n,Universität Salzburg (Salzburg),3346
"Hank, Karsten",ISS Uni Köln,Doctoral Student,Dr. rer. pol.,1999/1-2002/4,"Max Planck Institute for Demographic Research, Rostock",n,Max-Planck-Institut für demografische Forschung (Rostock),19885
"Hank, Karsten",ISS Uni Köln,Research Scientist,,2002/2-2003/2,"Max Planck Institute for Demographic Research, Rostock",n,Max-Planck-Institut für demografische Forschung (Rostock),19885
"Hank, Karsten",ISS Uni Köln,Studium,,1998,Ruhr-Universität Bochum,n,Ruhr-Universität Bochum (Bochum),3301
"Hank, Karsten",ISS Uni Köln,"Head of the Research Unit ‘Survey of Health, Ageing and Retirement in Europe'",,2003/2-2010/3,Universität Mannheim,"Mannheim Research Institute for the Economics of Aging (MEA), University of Mannheim",Universität Mannheim (Mannheim),3337
"Hank, Karsten",ISS Uni Köln,Full Professor (W3) of Sociology at the Institute of Sociology & Social Psychology,,2010/4- ,Universität zu Köln,Wirtschafts- und Sozialwissenschaftliche Fakultät,Wirtschafts- und Sozialwissenschaftliche Fakultät (Köln),9329
"Hank, Karsten",ISS Uni Köln,Research Assistant,,1998/6-1998/12,"Ruhr-Universität Bochum,","Center for Interdisciplinary Research on the Ruhr District (ZEFIR),",Zentrum für interdisziplinäre Regionalforschung -ZEFIR- (Bochum),71593
"Hill, Paul B.",RWTH Aachen,Studium,Diplom Sozialwissenschaften,1974-1980,RWTH Aachen,Lehrstuhl und Institut für Soziologie,Institut für Soziologie Lehrstuhl Allgemeine Soziologie (Aachen),30881
"Hill, Paul B.",RWTH Aachen,Promotion,Promotion,1984,n,n,n,n
"Hill, Paul B.",RWTH Aachen,Wissenschaftlicher Mitarbeiter,Wissenschaftlicher Mitarbeiter,1980-1990,"Universitäten Essen, Duisburg, Koeln",n,n,n
"Hill, Paul B.",RWTH Aachen,Berufung zum Universitätsprofessor,Universitätsprofessor,1997,n,n,n,n
"Hill, Paul B.",RWTH Aachen,1. Stellvertretender Vorsitzender der ASI - Arbeitsgemeinschaft Sozialwissenschaftlicher Institute e.V. ,1. Stellvertretender Vorsitzender der ASI ,2005/10-2017/05,n,n,n,n
"Hill, Paul B.",RWTH Aachen,"Mitglied in Komitee 260 beim Austrian Standards Institute: Spiegelkomitee innerhalb des ISO/TC 225: Market, Opinion and Social Research",Mitglied in Komitee 260,2009/01-2017/05,n,Austrian Standards Institute,n,n
"Hill, Paul B.",RWTH Aachen,"Mitglied im Beschwerderat (zweite Kammer) des Rates der Deutschen Markt- und Sozialforschung (2. KAmmer)
",Mitglied im Beschwerderat (zweite Kammer) des Rates der Deutschen Markt- und Sozialforschung,2009/01-2017/05,n,n,n,n
"Hill, Paul B.",RWTH Aachen,"Vorsitzender des Kuratoriums der GESIS - Leibniz-Institut für Sozialwissenschaften

",Vorsitzender des Kuratoriums der GESIS - Leibniz-Institut für Sozialwissenschaften,2013/07-2017/05,n,n,n,n
"Hill, Paul B.",Wikipedia ,Studium,"Soziologie, Wirtschaftwissenschaften, Psychologie",n,n,n,n,n
"Hill, Paul B.",WIkipedia,Dissertation,Dissertation,1984,n,n,n,n
"Hill, Paul B.",Wikipedia,Wissenschaftlicher Mitarbeiter,Wissenschaftlicher Mitarbeiter,1980-1990,"Universitäten Essen, Duisburg, Köln",Soziologie,n,n
"Hill, Paul B.",Wikipedia,1. stellvertretender Vorsitzender der Arbeitsgemeinschaft Sozialwissenschaftlicher Institute e.V. (ASI),1. stellvertretender Vorsitzender der Arbeitsgemeinschaft Sozialwissenschaftlicher Institute e.V. (ASI),2005/10-2017/05,n,n,n,n
"Hill, Paul B.",Wikipedia,Mitglied in Komitee 260 beim Austrian Standards Institute,Mitglied in Komitee 260 beim Austrian Standards Institute,2009/01-2017/05,Austrian Standards Institute,Austrian Standards Institute,n,n
"Hill, Paul B.",Wikipedia,Mitglied im Beschwerderat (zweite Kammer) des Rates der Deutschen Markt- und Sozialforschung,Mitglied im Beschwerderat (zweite Kammer) des Rates der Deutschen Markt- und Sozialforschung,2009/01-2017/05,Rat der Deutschen Markt- und Sozialforschung,Beschwerderat,n,n
"Hill, Paul B.",Wikipedia,Vorsitzender des Kuratoriums der GESIS – Leibniz-Institut für Sozialwissenschaften,Vorsitzender des Kuratoriums der GESIS – Leibniz-Institut für Sozialwissenschaften,2013/07-2017/05,GESIS - Leibniz-Institut für Sozialwissenschaften,Kuratorium,n,n
"Hill, Paul B.",RWTH Aachen,Prodekan für Forschung,Prodekan für Forschung,2013/10-2017/05,RWTH Aachen,Philosophische Fakultät,RWTH Aachen,3189
"Hill, Paul B.",RWTH Aachen,Sprecher der Professoren,Sprecher der Professoren,2014/10-2017/05,RWTH Aachen,n,RWTH Aachen,3189
"Hill, Paul B.",Wikipedia,Prodekan für Forschung,Prodekan für Forschung,2004-2006,RWTH Aachen,Philosophische Fakultät,RWTH Aachen,3189
"Hill, Paul B.",Wikipedia,Dekan,Dekan,2006-2010,RWTH Aachen,Philosophische Fakultät,RWTH Aachen,3189
"Hill, Paul B.",Wikipedia,Prodekan für Forschung,Prodekan für Forschung,2013/10,RWTH Aachen,Philosophische Fakultät,RWTH Aachen,3189
"Hill, Paul B.",Wikipedia,Sprecher der Professoren,Sprecher der Professoren,2014/10-2017,RWTH Aachen,RWTH Aachen,RWTH Aachen,3189
"Hill, Paul B.",RWTH Aachen,Prodekan für Forschung,Prodekan für Forschung,2004-2006,RWTH Aachen,Philosophische Fakultät,RWTH Aachen ,3189
"Hill, Paul B.",RWTH Aachen,Dekan,Dekan,2006-2010,RWTH Aachen,Philosophische Fakultät,RWTH Aachen ,3189
"Hill, Paul B.",Wikipedia,Berufung zum Universitätsprofessor,Berufung zum Universitätsprofessor,1997,RWTH Aachen,"Soziologie, Schwerpunkt empirische Sozialforschung","RWTH Aachen, Soziologie, Schwerpunkt empirische Sozialforschung",21432
"Hill, Paul B.",Wikipedia,Akademischer Oberrat,Akademischer Oberrat,1990-1997,Universität Trier,Soziologie,Universität Trier,8741
"Hill, Paul B.",RWTH Aachen,Akademischer Oberrat,Akademischer Oberrat,1990-1997,Universität Trier, Soziologie,"Universität Trier, Soziologie",8741
"Hochman, Oshrat",linkedin,Scientific Director,n,2015/10- ,"GESIS Leibniz-Institut fur Sozialwissenschaften in Koln: Koln, Nordrhein-Westfalen, Germany",Abteilung Dauerbeobachtung der Gesellschaft,"GESIS - Leibniz-Institut für Sozialwissenschaften Abt. Dauerbeobachtung der Gesellschaft, Kompetenzzentrum Frauen in Wissenschaft und Forschung (Köln)",150
"Hochman, Oshrat",linkedin,Lecturer & Researcher,n,2012/07-2015/09,Ruppin Academic Center,,n,n
"Hochman, Oshrat",linkedin,Post Doctorate,n,2011/01-2012/08,Tel Aviv University ,,Tel Aviv University (Tel Aviv),3203
"Hochman, Oshrat",linkedin,PhD,Sociology,2007-2010,Universität Mannheim,,Universität Mannheim (Mannheim),3337
"Hochman, Oshrat",linkedin,Studium ,Bachelor Sociology,,University of Haifa,,University of Haifa (Haifa),14973
"Jäckle, Annette",https://www.iser.essex.ac.uk/people/aejack,"Employment ",Temporary Professorship,2016/04-2016/09,University of Konstanz,Department of History and Sociology,"FB Geschichte und Soziologie Fach Soziologie
Geisteswissenschaftliche Sektion (Konstanz)
Universität Konstanz (Konstanz)",5581
"Jäckle, Annette",https://www.iser.essex.ac.uk/people/aejack,Professional Service ,Member of the Scientific Advisory Board ,2016 – date ," GESIS-Leibniz Institute
for the Social Sciences",n,GESIS - Leibniz-Institut für Sozialwissenschaften (Mannheim),10581
"Jäckle, Annette",https://www.iser.essex.ac.uk/people/aejack,Education,BA in European Business Studies,1996 – 2000, Fachhochschule Regensburg,n,n,n
"Jäckle, Annette",https://www.iser.essex.ac.uk/people/aejack,Education,BA in European Business Studies,1996 – 2000,"Sup de Co La Rochelle, France ",n,n,n
"Jäckle, Annette",https://www.iser.essex.ac.uk/people/aejack,Professional Service ,"Founding member of the scientific committee for the international Panel
Survey Methods Workshop ",2007 – date ,n,n,n,n
"Jäckle, Annette",https://www.iser.essex.ac.uk/people/aejack,Professional Service ,"Member of the U.S. National Academy of Sciences planning committee on
Developing a Methodological Research Program for Longitudinal Studies",2017,U.S. National Academy of Sciences,n,n,n
"Jäckle, Annette",https://www.iser.essex.ac.uk/people/aejack,Professional Service ,Member of the Scientific Advisory Board of Statistics Sweden ,2017 – date , Scientific Advisory Board of Statistics Sweden ,n,"Statistics Sweden, Stockholm",727466
"Jäckle, Annette",https://www.iser.essex.ac.uk/people/aejack,Education,Post-Graduate Diploma in Economics,2000 – 2001 ,University of Essex,n,University of Essex Colchester,12141
"Jäckle, Annette",https://www.iser.essex.ac.uk/people/aejack,Education,MSc in Economics,2001 – 2002,University of Essex ,n,University of Essex Colchester,12141
"Jäckle, Annette",https://www.iser.essex.ac.uk/people/aejack,Education,PhD in Applied Social and Economic Research,2003 – 2008 ,University of Essex ,n,University of Essex Colchester,12141
"Jäckle, Annette",https://www.iser.essex.ac.uk/people/aejack,"Employment ",Research Officer,2003 – 2007, University of Essex,ISER,University of Essex Colchester,12141
"Jäckle, Annette",https://www.iser.essex.ac.uk/people/aejack,"Employment ",Research Fellow,2007 – 2012, University of Essex,ISER,University of Essex Colchester,12141
"Jäckle, Annette",https://www.iser.essex.ac.uk/people/aejack,"Employment ",Research Director,2011 – date , University of Essex,ISER,University of Essex Colchester,12141
"Jäckle, Annette",https://www.iser.essex.ac.uk/people/aejack,"Employment ",Senior Research Fellow,2012 – 2016 , University of Essex,ISER,University of Essex Colchester,12141
"Jäckle, Annette",https://www.iser.essex.ac.uk/people/aejack,"Employment ",Associate Director of Innovations,2015 – date , University of Essex,ISER,University of Essex Colchester,12141
"Jäckle, Annette",https://www.iser.essex.ac.uk/people/aejack,"Employment ",Professor of Survey Methodology,2016 – date , University of Essex,ISER,University of Essex Colchester,12141
"Jann, Ben",Universität Bern,Student research assistant of Prof. Dr. Ruth Meyer Schweizer,Student research assistant of Prof. Dr. Ruth Meyer Schweizer,1996/07 – 1996/10,Universität Bern,Institute of Sociology,Department Sozialwissenschaften Institut für Soziologie (Bern),8563
"Jann, Ben",Universität Bern,Research assistant,"project “Working conditions, work orientation,
and labor market participation” (funded by the Swiss National Science
Foundation as part of the Swiss Priority Program “Switzerland Towards
the Future”)",1997/09 – 2002/06,Universität Bern,Institute of Sociology,Department Sozialwissenschaften Institut für Soziologie (Bern),8563
"Jann, Ben",Universität Bern,Scientific assistant of Prof. Dr. Andreas Diekmann,Scientific assistant of Prof. Dr. Andreas Diekmann,1998/09 – 2003/03,Universität Bern,Institute of Sociology,Department Sozialwissenschaften Institut für Soziologie (Bern),8563
"Jann, Ben",Universität Bern,Member of the search committee for the Professorship in Political Science,Academic self-administration,2011/01–2011/04,Universität Bern,Area: political sociology,Department Sozialwissenschaften Institut für Soziologie (Bern),8563
"Jann, Ben",Universität Bern,„vonRoll Jour fix“ representative,Academic self-administration,2011/11 –2013/02,Universität Bern,Department of Social Sciences,Department Sozialwissenschaften Institut für Soziologie (Bern),8563
"Jann, Ben",Universität Bern,President of the search committee for the Professorship in Social Sciences,Academic self-administration,2012/04 –2012/12,Universität Bern,Domain: Sustainable Social Development,Department Sozialwissenschaften Institut für Soziologie (Bern),8563
"Jann, Ben",Universität Bern,Managing director,Academic self-administration,2012/08–2014/07,Universität Bern,Institute of Sociology,Department Sozialwissenschaften Institut für Soziologie (Bern),8563
"Jann, Ben",Universität Bern,Vice managing director,Academic self-administration,2011/06–2014/07,Universität Bern,Department of Social Sciences,Department Sozialwissenschaften Institut für Soziologie (Bern),8563
"Jann, Ben",Universität Bern,Managing director,Academic self-administration,2014/08–2016/07,Universität Bern,Department of Social Sciences,Department Sozialwissenschaften Institut für Soziologie (Bern),8563
"Jann, Ben",Universität Bern,"Representative of the Faculty of Business, Economics and Social Sciences in the task group “Bologna II”",Academic self-administration,2011/02-,Universität Bern,"Faculty of Business, Economics and Social Sciences",Department Sozialwissenschaften Institut für Soziologie (Bern),8563
"Jann, Ben",Universität Bern,"Representative of the Faculty of Business, Economics and Social Sciences in the committee for the Theodor-Kocher-Prize",Academic self-administration,2011/10-,Universität Bern,"Faculty of Business, Economics and Social Sciences",Department Sozialwissenschaften Institut für Soziologie (Bern),8563
"Jann, Ben",Universität Bern,Vice president of the section on “Modellbildung und Simulation”,Committees,10/2000/10–2010/09,German Sociological Association,n,Deutsche Gesellschaft für Soziologie,9611
"Jann, Ben",Universität Bern,President of the section on “Modellbildung und Simulation”,Committees,2010/10–2014/09,German Sociological Association,n,Deutsche Gesellschaft für Soziologie,9611
"Jann, Ben",Universität Bern,Doktorand,"Degree: Doctor of Sciences
(Dr. sc. ETH Zurich)",2006/01 –2008/05,ETH Zürich,n,ETH Zürich,3354
"Jann, Ben",Universität Bern,Scientific assistant of Prof. Dr. Andreas Diekmann,Scientific assistant of Prof. Dr. Andreas Diekmann,2003/04– 2010/08,ETH Zürich,n,ETH Zürich,3354
"Jann, Ben",Universität Bern,Representative of mid-level faculty in the education committee (Unterrichtskommission),Academic self-administration,2006/04– 2010/08,ETH Zürich,"Department of Humanities, Social and Political Sciences",ETH Zürich,3354
"Jann, Ben",Universität Bern,Representative of mid-level faculty in the department meetings (Departementskonferenz),Academic self-administration,2007/04–2010/08,ETH Zürich,"Department of Humanities, Social and Political Sciences",ETH Zürich,3354
"Jann, Ben",Universität Bern,"Member of the expert panel „System der Haushalts- und Personenerhebungen“
(SHAPE)",Committees,2006/03–2008/12,Swiss Federal Statistical Office,n,n,n
"Jann, Ben",Universität Bern,Member of the editorial board of the The Stata Journal,Committees,2005/06,The Stata Journal,n,n,n
"Jann, Ben",Universität Bern,Member of the editorial committee of the Swiss Journal of Sociology,Committees,2007/09,Swiss Journal of Sociology,n,n,n
"Jann, Ben",Universität Bern,"Member of the scientific advisory board for the Master of Science in
Vocational Education and Training",Committees,2011/05,"Swiss Federal Institute for Vocational
Education and Training (SFIVET)",n,n,n
"Jann, Ben",Universität Bern,"Member of the editorial board of Survey Methods: Insights from the
Field",Committees,2012/05,"Methods: Insights from the
Field.",n,n,n
"Jann, Ben",Universität Bern,Member of the executive committee,Committees,2013/06,Swiss Sociological Association,n,n,n
"Jann, Ben",Universität Bern,Vice president,Committees,2013/12,Swiss Sociological Association,n,n,n
"Jann, Ben",Universität Bern,Member of the Board of Trustees,Committees,2016/02,"GESIS – Leibniz Institute for the
Social Sciences",n,n,n
"Jann, Ben",Universität Bern,President of the expert panel on social statistics,Committees,2017/01,"Swiss Federal
Statistical Offce",n,n,n
"Jann, Ben",Universität Bern,Discussant/Co-organizer of the symposium “Bildungsmonitoring 2” at the Annual Conferenceof the Swiss Society for Research in Education (SSRE) in Lausanne,Conference organization," June 29 to July 1,2016",Swiss Society for Research in Education (SSRE),n,n,n
"Jann, Ben",Universität Bern,Member of the International Board of Reviewers of the General Online Research Conference 2016 (GOR 16) in Dresden,Conference organization,"March 2–4, 2016",General Online Research ,International Board of Reviewers (?),n,n
"Jann, Ben",Universität Bern,Funded projects ,"Mandates/contract research: Member of the “Aufbaugruppe für das wissenschaftliche Konsortium zur Überprüfung des Erreichens der Grundkompetenzen (ÜGK)”, on behalf of the Swiss Conference of Cantonal Ministers of Education (EDK), CHF 90’000.",2015/06–2016/05,n,n,n,n
"Jann, Ben",Google Scholar,n,n,n,Universität Bern,"Soziologie, Methoden, Statistik",Universität Bern,3299
"Jann, Ben",Universität Bern,Studium ,"Soziologie, Wirtschaft, Allgemeine Ökologie",1993/ 10– 1998/09,Universität Bern,n,Universität Bern,3299
"Jann, Ben",Universität Bern,Doktorand,n,1998 /09– 2005/12,Universität Bern,n,Universität Bern,3299
"Jann, Ben",Universität Bern,Training course “Lehr- und Fachvorträge”,n,9/2012,Universität Bern,Centre for University Continuing Education,Universität Bern,3299
"Jann, Ben",Universität Bern,Training course “Grundlagen der Hochschuldidaktik,n,2013/08 – 2014/01,Universität Bern,Centre for University Continuing Education,Universität Bern,3299
"Jann, Ben",Universität Bern,"Assistant Professor (with tenure track) for Sociology, in particular for Social Stratification ","Assistant Professor (with tenure track) for Sociology, in particular for Social Stratification",2010/09– 2011/05,Universität Bern,n,Universität Bern,3299
"Jann, Ben",Universität Bern,"Associate Professor for Sociology, in particular for Social Stratification","Associate Professor for Sociology, in particular for Social Stratification",2011/06–2014/07,Universität Bern,n,Universität Bern,3299
"Jann, Ben",Universität Bern,"Professor for Sociology, in particular for Social Stratification","Professor for Sociology, in particular for Social Stratification",2014/08,Universität Bern,n,Universität Bern,3299
"Jann, Ben",Universität Bern,Vice president of the “Hauskommission vonRoll”,Academic self-administration,2013/12–2015/10,Universität Bern,“Hauskommission vonRoll”,Universität Bern,3299
"Jann, Ben",Universität Bern,Representative of the Department of Social Sciences in the the “Hauskommission vonRoll”,Academic self-administration,2013/11–2016/04,Universität Bern,“Hauskommission vonRoll”,Universität Bern,3299
"Jann, Ben",Universität Bern,Member of the board,Academic self-administration,2014/01,Universität Bern,Centre for Development and Environment (CDE),Universität Bern,3299
"Jann, Ben",Universität Bern,Interim Professor for Sociology and Methodology,Interim Professor for Sociology and Methodology,2010/04– 2010/07,Universität Leipzig,n,Universität Leipzig,12411
"Jann, Ben",Universität Bern,Offer of a W3 Professorship in Sociology and Methodology,abgelehnt,August 2010,Universität Leipzig,n,Universität Leipzig,12411
"Jann, Ben",Universität Bern,Offer of a W2 Professorship in Social Science Research Methods and Social Structure Analysis,abgelehnt,2010/06,Universität Osnabrueck,n,Universität Osnabrueck,30308
"Japec, Lilli",linkedin,Quality Director,,2008/01 - 2010/11,"Statistics Sweden, Stockholm",n,Statistics Sweden (Stockholm),727466
"Japec, Lilli",linkedin,Director R&D Department,,2010/11 - 2015/10,"Statistics Sweden, Stockholm",n,Statistics Sweden (Stockholm),727466
"Japec, Lilli",linkedin,"Scientific Advisor, Executive Office,",,? - 2017,"Statistics Sweden, Stockholm",n,Statistics Sweden (Stockholm),727466
"Japec, Lilli",Mathematics Genealogy Project,Education,Ph.D.(Fil dr) ,2005,Universität Stockholm,n,Stockholm University (Stockholm),12443
"Katsanidou, Alexia",http://www.gesis.org/en/institute/staff/?name=alexia%2Ckatsanidou,Leitung,n,seit 2015/04,GESIS,n,GESIS - Leibniz-Institut für Sozialwissenschaften Abt. Datenarchiv für Sozialwissenschaften (Köln),69254
"Katsanidou, Alexia",http://www.gesis.org/en/institute/staff/?name=alexia%2Ckatsanidou,MA in Vergleichende Demokratisierun,n,2003,n,n,n,n
"Katsanidou, Alexia",http://www.gesis.org/en/institute/staff/?name=alexia%2Ckatsanidou,Studium Internationale Politik und Wirtschaft,n,,"Universität Mazedonien, Griechenland",n,n,n
"Katsanidou, Alexia",http://www.gesis.org/en/institute/staff/?name=alexia%2Ckatsanidou,Promotion,Dr. in Politik,2008,Universität Essex,Government Department,Universität Essex Colchester,12141
"Kleinert, Corinna",https://www.uni-bamberg.de/fileadmin/kom/www/2015/Kleinert_CV_2015_03_16.pdf,Wissenschaftliche Mitarbeiterin,n,Seit 2003," Institut für Arbeitsmarkt- und Berufsforschung (IAB), Nürnberg",n," Institut für Arbeitsmarkt- und Berufsforschung (IAB), Nürnberg",1652
"Kleinert, Corinna",https://www.uni-bamberg.de/fileadmin/kom/www/2015/Kleinert_CV_2015_03_16.pdf,"Kommissarische Leitung des Forschungsbereichs Bildungs- und
Erwerbsverläufe",n,2007 –2008," Institut für Arbeitsmarkt- und Berufsforschung (IAB), Nürnberg",n," Institut für Arbeitsmarkt- und Berufsforschung (IAB), Nürnberg",1652
"Kleinert, Corinna",https://www.uni-bamberg.de/fileadmin/kom/www/2015/Kleinert_CV_2015_03_16.pdf,Wissenschaftliche Referentin in der Abteilung ‚Jugend und Politik,n,1995 – 2000,"Deutsches
Jugendinstitut (DJI), München",n,"Deutsches
Jugendinstitut (DJI), München",885
"Kleinert, Corinna",https://www.uni-bamberg.de/fileadmin/kom/www/2015/Kleinert_CV_2015_03_16.pdf,"Qualifizierung",Studium Kommunikationswissenschaften (M.A.),1995,Ludwigs-Maximilians-Universität München,n,Ludwig-Maximilians-Universität München,3339
"Kleinert, Corinna",https://www.uni-bamberg.de/fileadmin/kom/www/2015/Kleinert_CV_2015_03_16.pdf,"Qualifizierung",Promotion zum Dr. phil. im Fach Soziologie,2003,Ludwigs-Maximilians-Universität München,n,Ludwig-Maximilians-Universität München,3339
"Kleinert, Corinna",https://www.uni-bamberg.de/fileadmin/kom/www/2015/Kleinert_CV_2015_03_16.pdf,Doktorandin,n,2000 – 2002, Ludwigs-Maximilians-Universität München,n,Ludwig-Maximilians-Universität München,3339
"Kleinert, Corinna",https://www.uni-bamberg.de/fileadmin/kom/www/2015/Kleinert_CV_2015_03_16.pdf,Wissenschaftliche Mitarbeiterin,n,2002 – 2003,Ludwigs-Maximilians-Universität München," Institut für
Soziologie","Ludwig-Maximilians-Universität München, Institut für Soziologie",8978
"Kleinert, Corinna",https://www.uni-bamberg.de/fileadmin/kom/www/2015/Kleinert_CV_2015_03_16.pdf,"Wissenschaftliche und operative Leitung der Etappe 8 ‚Erwachsenenbildung
und Lebenslanges Lernen‘",n,2008– 2014 ,Nationales Bildungspanels (NEPS),n,n,n
"Kleinert, Corinna",https://www.uni-bamberg.de/fileadmin/kom/www/2015/Kleinert_CV_2015_03_16.pdf,"Professorin für Soziologie mit dem Schwerpunkt längsschnittliche
Bildungsforschung a",n,Seit 2015," LeibnizInstitut
für Bildungsverläufe e.V. (LIfBi)",n,n,n
"Kleinert, Corinna",https://www.uni-bamberg.de/fileadmin/kom/www/2015/Kleinert_CV_2015_03_16.pdf,"Professorin für Soziologie mit dem Schwerpunkt längsschnittliche
Bildungsforschung a",n,Seit 2015, Otto-Friedrich-Universität Bamberg,n,Otto-Friedrich-Universität Bamberg ,3295
"Kleinert, Corinna",https://www.uni-bamberg.de/fileadmin/kom/www/2015/Kleinert_CV_2015_03_16.pdf,Visiting Fellow,n,2010,"Yale University, New Haven, Connecticut, USA","
Center on Inequalities and the Life Course (CIQLE)",Yale University (New Haven),3552
"Kohler, Ulrich",WZB,Wissenschaftlicher Mitarbeiter,n,1996-2001,Universität Mannheim,Lehrstuhl für Methoden der empirischen Sozialforschung und angewandte Soziologie an der sozialwissenschaftlichen Fakultät der Universität Mannheim,Lehrstuhl für Methoden der empirischen Sozialforschung (Mannheim),7417
"Kohler, Ulrich",WZB,Promotion,Dr. phil.  ,2001/08,Universität Mannheim,Lehrstuhl für Methoden der empirischen Sozialforschung und angewandte Soziologie an der sozialwissenschaftlichen Fakultät der Universität Mannheim,Lehrstuhl für Methoden der empirischen Sozialforschung (Mannheim),7417
"Kohler, Ulrich",WZB,Wissenschaftlicher Assistent,n,2001-2003,Universität Mannheim,Lehrstuhl für Methoden der empirischen Sozialforschung und angewandte Soziologie an der sozialwissenschaftlichen Fakultät der Universität Mannheim,Lehrstuhl für Methoden der empirischen Sozialforschung (Mannheim),7417
"Kohler, Ulrich",Universität Potsdam,Professor,Methoden der empirischen Sozialforschung,2012/10-,Universität Potsdam,Professur für Methoden der empirischen Sozialforschung ,Professur für Methoden der empirischen Sozialforschung (Potsdam),15213
"Kohler, Ulrich",WZB,Studium ,"Soziologie, Geschichte, Rechtswissenschaften",1989-1992,Universität Konstanz ,,Universität Konstanz (Konstanz),3332
"Kohler, Ulrich",WZB,Studium,"Soziologie, Wirtschafts- und Sozialgeschichte/Neuere Geschichte, Öffentliches Recht",1992-1996,Universität Mannheim,,Universität Mannheim (Mannheim),3337
"Kohler, Ulrich",WZB,Studium,M.A. in Soziologie (Magister),1996/04,Universität Mannheim,,Universität Mannheim (Mannheim),3337
"Kohler, Ulrich",WZB,Wissenschaftlicher Mitarbeiter,n,2003-2012,WZB,"Wissenschaftszentrum Berlin für Sozialforschung gGmbH Schwerpunkt Bildung, Arbeit und Lebenschancen Abt. Ungleichheit und soziale Integration ","Wissenschaftszentrum Berlin für Sozialforschung gGmbH Schwerpunkt Bildung, Arbeit und Lebenschancen Abt. Ungleichheit und soziale Integration (Berlin)",26245
"Kohler, Ulrich",WZB,"Projektleitung ""Die wirtschaftlichen Folgen zentraler Lebensrisiken in Deutschland und den USA und ihre Entwicklung seit den achtziger Jahren""",n,2009/04-2012,WZB,"Wissenschaftszentrum Berlin für Sozialforschung gGmbH Schwerpunkt Bildung, Arbeit und Lebenschancen Abt. Ungleichheit und soziale Integration ","Wissenschaftszentrum Berlin für Sozialforschung gGmbH Schwerpunkt Bildung, Arbeit und Lebenschancen Abt. Ungleichheit und soziale Integration (Berlin)",26245
"Kohler, Ulrich",WZB,Geschäftsführender wissenschaftlicher Mitarbeiter,n,2011/10-2012/09,WZB,"Wissenschaftszentrum Berlin für Sozialforschung gGmbH Schwerpunkt Bildung, Arbeit und Lebenschancen Abt. Ungleichheit und soziale Integration ","Wissenschaftszentrum Berlin für Sozialforschung gGmbH Schwerpunkt Bildung, Arbeit und Lebenschancen Abt. Ungleichheit und soziale Integration (Berlin)",26245
"Kopp, Johannes",https://www.uni-trier.de/index.php?id=50114,Vertretungen ,n,2000-2004,Universität Konstanz,n, Universität Konstanz,3332
"Kopp, Johannes",https://www.uni-trier.de/index.php?id=50114,Professur für empirische Sozialforschung,n,2004-2013, TU Chemnitz, Institut für Soziologie,"Institut für Soziologie
Fak. für Human- und Sozialwissenschaften (Chemnitz)
Technische Universität Chemnitz (Chemnitz)",27565
"Kopp, Johannes",https://www.uni-trier.de/index.php?id=50114,Vertretungen ,n,2000-2004,LMU München,n,Ludwig-Maximilians-Universität München,3339
"Kopp, Johannes",https://www.uni-trier.de/index.php?id=50114,Vertretungen ,n,2000-2004,Universität Koblenz-Landau,n,Universität Koblenz-Landau Campus Koblenz,1045
"Kopp, Johannes",https://www.uni-trier.de/index.php?id=50114,wissenschaftlicher Mitarbeiter,n,1988-2000,Universität Köln,n,Universität Köln,3327
"Kopp, Johannes",https://www.uni-trier.de/index.php?id=50114,"Studium der Soziologie, Sozialpsychologie und Politikwissenschaft",n,1982-1988, Universität Mannheim,n,Universität Mannheim (Mannheim),3337
"Kopp, Johannes",https://www.uni-trier.de/index.php?id=50114,Promotion ,n,1993, Universität Mannheim,n,Universität Mannheim (Mannheim),3337
"Kopp, Johannes",https://www.uni-trier.de/index.php?id=50114,Habilitation ,n,1999, Universität Mannheim,n,Universität Mannheim (Mannheim),3337
"Kopp, Johannes",https://www.uni-trier.de/index.php?id=50114,wissenschaftlicher Mitarbeiter,n,1988-2000, Universität Mannheim,n,Universität Mannheim (Mannheim),3337
"Kopp, Johannes",https://www.uni-trier.de/index.php?id=50114,Professur für Soziologie,n,seit 2013/10, Universität Trier,n,Universität Trier,8741
"Korflesch, Harald F.O. von ",Universität Koblenz-Landau,Assistant Professor / Senior Lecturer / Project Manager,,1994-2003,Universität Kassel ,n,Universität Kassel (Kassel),1308
"Korflesch, Harald F.O. von ",Universität Koblenz-Landau,Education,Venia Legendi,2003,Universität Kassel ,n,Universität Kassel (Kassel),1308
"Korflesch, Harald F.O. von ",Universität Koblenz-Landau,Locum Professor for Information Management,,2003-2007,Universität Koblenz-Landau,n,Universität Koblenz-Landau Campus Koblenz (Koblenz),1045
"Korflesch, Harald F.O. von ",Universität Koblenz-Landau,"Professor for the Management of Information, Innovation, Entrepreneurship and Organization",,2007-,Universität Koblenz-Landau,n,Universität Koblenz-Landau Campus Koblenz (Koblenz),1045
"Korflesch, Harald F.O. von ",Universität Koblenz-Landau,Studium,,1987,Universität zu Köln,Wirtschafts- und Sozialwissenschaftliche Fakultät,Wirtschafts- und Sozialwissenschaftliche Fakultät (Köln),9329
"Korflesch, Harald F.O. von ",Universität Koblenz-Landau,Research Associate and Assistant to the Owner of the Chair in Administrative and Academic Affaires,,1988 - 1993,Universität zu Köln,Wirtschafts- und Sozialwissenschaftliche Fakultät,Wirtschafts- und Sozialwissenschaftliche Fakultät (Köln),9329
"Korflesch, Harald F.O. von ",Universität Koblenz-Landau,Education,Dr. rer. pol.,1993,Universität zu Köln,Wirtschafts- und Sozialwissenschaftliche Fakultät,Wirtschafts- und Sozialwissenschaftliche Fakultät (Köln),9329
"Korflesch, Harald F.O. von ",Universität Koblenz-Landau,Senior Researcher and Project Manager,,1998-2003,Universität zu Köln,Wirtschafts- und Sozialwissenschaftliche Fakultät,Wirtschafts- und Sozialwissenschaftliche Fakultät (Köln),9329
"Kreuter, Frauke",Universität Mannheim,Visiting Researcher,Other Professional Experience,2009,"GESIS, Mannheim, Germany",n,GESIS - Leibniz-Institut für Sozialwissenschaften (Mannheim),10581
"Kreuter, Frauke",Wikipedia,Universitätsprofessorin für Statistik,n,2010-2014,Ludwig-Maximilians-Universität München,n,Ludwig-Maximilians-Universität München,3339
"Kreuter, Frauke",Universität Mannheim,University Professor,Academic Experience,2010-2014," LudwigMaximilians-Universitaet
Muenchen",Department of Statistics,Ludwig-Maximilians-Universität München,3339
"Kreuter, Frauke",linkedin,Professor in Statistics,Erfahrung,Juli 2010 – Juni 2014 (4 Jahre),LMU - Ludwig-Maximilians-Universität München,n,Ludwig-Maximilians-Universität München,3339
"Kreuter, Frauke",Universität Mannheim,Research Assistant (Wissenschaftliche Mitarbeiterin),Academic Experience,1996-1997,Mannheim Center for European Social Research (MZES),n,Mannheim Center for European Social Research (MZES),10378
"Kreuter, Frauke",Universität Mannheim,Undergraduate Research Assistant,Academic Experience,1991-1993,Mannheim Center for European Social Research (MZES),n,Mannheimer Zentrum für Europäische Sozialforschung (MZES),10378
"Kreuter, Frauke",Wikipedia,Leiterin der Abteilung für Statistische Methoden,n,n,Institut für Arbeitsmarktforschung (IAB),n,n,n
"Kreuter, Frauke",Wikipedia,Leiterin der Abteilung für statistische Methoden,n,2014-,Institut für Arbeitsmarktforschung (IAB),n,n,n
"Kreuter, Frauke",Universität Mannheim,Research Fellow,Other Professional Experience,1994,King Monkuts’ Institute of Technology North Bangkok (KMITNB),n,n,n
"Kreuter, Frauke",Universität Mannheim,Research Fellow,Other Professional Experience,1994," Institute
for Technical Education Development (ITED), Bangkok Thailand",n,n,n
"Kreuter, Frauke",Universität Mannheim,Visiting Researcher,Other Professional Experience,2004,"Max Planck Institute for Human Development, Berlin, Germany",n,n,n
"Kreuter, Frauke",Universität Mannheim,Statistical Consultant,Other Professional Experience,2006-2007,"Millennium Challenge Cooperation, Washington D.C",n,n,n
"Kreuter, Frauke",Universität Mannheim,Statistical Consultant,Other Professional Experience,2006-2007,"Defense Manpower Data Center,
Washington D.C.;",n,n,n
"Kreuter, Frauke",Universität Mannheim,Visiting Researcher,Other Professional Experience,2008,"Institute for Employment Research (IAB), Nuernberg, Germany
",n,n,n
"Kreuter, Frauke",linkedin,Head of Statistical Methods Research Department,Erfahrung,Juli 2010 – Heute (6 Jahre 11 Monate),"Institute for Employment Research (IAB), Germany",n,n,n
"Kreuter, Frauke",Universität Mannheim,Promotion,Dr. rer. soc. (Ph.D.),1997-2001 ,Universität Konstanz,n,Universität Konstanz,3332
"Kreuter, Frauke",Universität Mannheim,Research Assistant (Wissenschaftliche Mitarbeiterin),Academic Experience,1997-2001,University of Konstanz,n,Universität Konstanz,3332
"Kreuter, Frauke",Universität Mannheim,‘Wissenschaftliche Assistentin’ (C1),Academic Experience,2001-2004 ,University of Konstanz,n,Universität Konstanz,3332
"Kreuter, Frauke",linkedin,Doctor of Philosophy (Ph.D.),Ausbildung,1997 – 2001,Universität Konstanz,n,Universität Konstanz,3332
"Kreuter, Frauke",Wikipedia,Professur ,n,n, Universität Mannheim ,n,Universität Mannheim (Mannheim),3337
"Kreuter, Frauke",Wikipedia,Studium,Diplom Soziologie,1996,Universität Mannheim,n,Universität Mannheim (Mannheim),3337
"Kreuter, Frauke",Universität Mannheim,Studium,"Dipl. Soz. (Bachelor & Masters in Sociology) (Major in Methods
for Empirical Social Science Research; Minor in Political Economics,
Social Psychology and Philosophy of Science)",1990-1996,Universität Mannheim,n,Universität Mannheim (Mannheim),3337
"Kreuter, Frauke",Universität Mannheim,Undergraduate Research Assistant ,Academic Experience,1993-1995 ,University of Mannheim,n,Universität Mannheim (Mannheim),3337
"Kreuter, Frauke",Universität Mannheim,Professor,Academic Experience,2014-present,"University of Mannheim, Germany",n,Universität Mannheim (Mannheim),3337
"Kreuter, Frauke",linkedin,Professor,Erfahrung,Juni 2014 – Heute (3 Jahre),University of Mannheim,n,Universität Mannheim (Mannheim),3337
"Kreuter, Frauke",Wikipedia,Postdoc-Forschung,Postdoc-Forschung,n," University of California, Los Angeles",n,University of California Los Angeles,3285
"Kreuter, Frauke",Wikipedia,Associate Professor   ,n,2010-2014," University of California, Los Angeles",n,University of California Los Angeles,3285
"Kreuter, Frauke",Wikipedia,Ordentlicher Professor,n,2014-,"University of California, Los Angeles",n,University of California Los Angeles,3285
"Kreuter, Frauke",Universität Mannheim,DAAD Postdoc Research Fellow,Academic Experience,2001-2002,"University of California, Los Angeles",Department of Statistics,University of California Los Angeles,3285
"Kreuter, Frauke",Universität Mannheim,Adjunct Assistant Professor,Academic Experience,2002-2004,"University of California, Los Angeles",Department of Statistics,University of California Los Angeles,3285
"Kreuter, Frauke",linkedin,Adj. Ass. Professor,Erfahrung,2001 – 2004 (3 Jahre),UCLA,n,University of California Los Angeles,3285
"Kreuter, Frauke",linkedin,Ass. Professor,Erfahrung,2004 – Juli 2010 (6 Jahre),University of Maryland,Joint Program in Survey Methodology,University of Maryland,3275
"Kreuter, Frauke",Universität Mannheim,Faculty Associate,Academic Experience,2005-present ,"University of Maryland, College Park",Maryland Population Research Center,"University of Maryland, College
Park",3275
"Kreuter, Frauke",Universität Mannheim,Assistant Professor,Academic Experience,2004-2010,"University of Maryland, College
Park",Joint Program in Survey Methodology,"University of Maryland, College
Park",3275
"Kreuter, Frauke",Universität Mannheim,Associate Professor ,Academic Experience,2010-2014 ,"University of Maryland, College Park",Joint Program in Survey Methodology,"University of Maryland, College
Park",3275
"Kreuter, Frauke",Universität Mannheim,Professor,Academic Experience,2014-present,"University of
Maryland, College Park",Joint Program in Survey Methodology,"University of Maryland, College
Park",3275
"Kreuter, Frauke",linkedin,Assoc. Prof. at the Joint Program in Survey Methodology,Erfahrung,2010 – Juli 2014 (4 Jahre),University of Maryland,n,"University of Maryland, College
Park",3275
"Kreuter, Frauke",linkedin,Professor at the Joint Program in Survey Methodology,Erfahrung,August 2014 – Heute (2 Jahre 10 Monate),University of Maryland,n,"University of Maryland, College
Park",3275
"Kreuter, Frauke",Universität Mannheim,German Science Foundation (DFG) Fellow,,1997, University of Michigan,"Ann Arbor ICPSR Summer Program in Quantitative Methods of Social
Research; SRC Summer Institute in Survey Research Techniques",University of Michigan (Ann Arbor),9913
"Kreuter, Frauke",Universität Mannheim,Adjunct Research Assistant Professor,Academic Experience,2013-present ," University of Michigan, Ann Arbor",Institute for Social Research,University of Michigan (Ann Arbor),9913
"Kreuter, Frauke",Universität Mannheim,Adjunct Research Assistant Professor,Academic Experience,2005-2013 ,"University of Michigan, Ann Arbor",Institute for Social Research,"University of Michigan, Ann Arbor",9913
"Kreuter, Frauke",Universität Mannheim,Visiting Researcher,Other Professional Experience,2003,"University of
Michigan, Ann Arbor","Survey Research Center, Institute for Social Research,","University of Michigan, Ann Arbor",9913
"Lerman, Kristina",USC University of Southern California,Systems Programmer,,1996/01 - 1998/05,"Quarterdeck Office Systems, Marina del Rey",n,n,n
"Lerman, Kristina",USC University of Southern California,Computer Scientist,,1998/06 - 2003/06,"USC Information Sciences Institute, Marina del Rey,",n,n,n
"Lerman, Kristina",USC University of Southern California,Project Leader,,2003/07 -,"USC Information Sciences Institute, Marina del Rey,",n,n,n
"Lerman, Kristina",USC University of Southern California,Assistant Research Professor,,2004/03 - ,University of Southern California,Computer Science Department,n,n
"Lerman, Kristina",USC University of Southern California,Education,A.B.,1989/06,Princeton University,Physics Department,Princeton University (Princeton),2624
"Lerman, Kristina",USC University of Southern California,Research Assistant,,1990/01 - 1995/08,University of California at Santa Barbara,Physics Department,University of California Santa Barbara (Santa Barbara),11502
"Lerman, Kristina",USC University of Southern California,Education ,Ph.D.,1995/12,University of California at Santa Barbara,Physics Department,University of California Santa Barbara (Santa Barbara),11502
"Mutschke, Peter",xing,Studium ,"M.A. Geschichte, Politikwissenschaft, Philosophie",1980-1987,Universität Göttingen,Georg-August-Universität Göttingen,Georg-August-Universität Göttingen (Göttingen),9292
"Mutschke, Peter",xing,Studium ,Gasthörer Informatik,1988-1989,Universität Göttingen,Georg-August-Universität Göttingen,Georg-August-Universität Göttingen (Göttingen),9292
"Mutschke, Peter",linkedin,Kommissarischer Leiter,Wissenstechnologien für Sozialwissenschaften,2010/03-,"GESIS Leibniz-Institut fur Sozialwissenschaften in Koln: Koln, Nordrhein-Westfalen, Germany",Abt. Wissenstechnologien für Sozialwissenschaften (Köln),GESIS - Leibniz-Institut für Sozialwissenschaften Abt. Wissenstechnologien für Sozialwissenschaften (Köln),69255
"Mutschke, Peter",xing,Wissenschaftlicher Mitarbeiter,n,1990/10-2010/02,"GESIS Leibniz-Institut fur Sozialwissenschaften in Koln: Koln, Nordrhein-Westfalen, Germany",,,69256
"Mutschke, Peter",linkedin,Deputy Head of Department,n,2009/11-2010/02,"GESIS Leibniz-Institut fur Sozialwissenschaften in Koln: Koln, Nordrhein-Westfalen, Germany",,,69256
"Nonnenmacher, Alexandra",Universität Siegen,Univ. Prof.,"Arbeitsschwerpunkte: Sozialwissenschaftliche Methoden und Methodologie, Stadtsoziologie ",n,Universität Siegen,Fakultät II Bildung-Architektur-Künste;  Lehrstuhl für Methoden der empirischen Bildungs- und Sozialforschung,"Fak. 02 Bildung, Architektur, Künste
Universität Siegen (Siegen)",70656
"Petras, Vivien",Berkely Student Homepage,Studium ,Magister,1995 - 2001,Humboldt-Universität Berlin,n,Humboldt-Universität Berlin (Berlin),12708
"Petras, Vivien",Berkely Student Homepage,Studium ,Vordiplom,1999-2001,Humboldt-Universität Berlin,n,Humboldt-Universität Berlin (Berlin),12708
"Petras, Vivien",linkedin,Assitant Professor,,2009/04-2010/9,Humboldt-Universität Berlin,Institut für Bibliotheks- und Informationswissenschaft,Institut für Bibliotheks- und Informationswissenschaft (Berlin),16367
"Petras, Vivien",linkedin,Professorin für Information Retrieval Institut für Bibliotheks- und Informationswissenschaft,,2012/10 - ,Humboldt-Universität Berlin,Institut für Bibliotheks- und Informationswissenschaft,Institut für Bibliotheks- und Informationswissenschaft (Berlin),16367
"Petras, Vivien",linkedin,Studium ,PhD,2001 - 2006,"University of California, Berkeley",n,University of California Berkeley (Berkeley),3269
"Quandt, Markus",ORCID,Employment,,,"GESIS Leibniz-Institut fur Sozialwissenschaften in Koln: Koln, Nordrhein-Westfalen, Germany",Data Archive for the Social Sciences,GESIS - Leibniz-Institut für Sozialwissenschaften Abt. Datenarchiv für Sozialwissenschaften (Köln),69254
"Quandt, Markus",GESIS,,,2004-,"GESIS Leibniz-Institut fur Sozialwissenschaften in Koln: Koln, Nordrhein-Westfalen, Germany",GESIS - Leibniz-Institut für Sozialwissenschaften Abt. Datenarchiv für Sozialwissenschaften (Köln),GESIS - Leibniz-Institut für Sozialwissenschaften Abt. Datenarchiv für Sozialwissenschaften (Köln),69254
"Quandt, Markus",GESIS,Studium,,1989-1996,Universität zu Köln,n,Universität zu Köln (Köln),3327
"Quandt, Markus",GESIS,,,1996-2004,Zentralarchiv für empirische Sozialforschung der Universität zu Köln,,Zentralarchiv für Empirische Sozialforschung (Köln),8315
"Rammstedt, Beatrice",http://www.gesis.org/institut/mitarbeiterverzeichnis/?alpha=R&name=beatrice%2Crammstedt,wissenschaftliche Leiterin der Abteilung Survey Design and Methodology,n,2011,GESIS – Leibniz-Institut für Sozialwissenschaften,n,GESIS - Leibniz-Institut für Sozialwissenschaften (Mannheim),10581
"Rammstedt, Beatrice",http://www.gesis.org/institut/mitarbeiterverzeichnis/?alpha=R&name=beatrice%2Crammstedt,stellvertretende Präsidentin,n,2015,GESIS – Leibniz-Institut für Sozialwissenschaften,n,GESIS - Leibniz-Institut für Sozialwissenschaften (Mannheim),10581
"Rammstedt, Beatrice",http://www.gesis.org/institut/mitarbeiterverzeichnis/?alpha=R&name=beatrice%2Crammstedt,Studium Psychologie,n,n,Universität Bielefeld,n,Universität Bielefeld (Bielefeld),3300
"Rammstedt, Beatrice",http://www.gesis.org/institut/mitarbeiterverzeichnis/?alpha=R&name=beatrice%2Crammstedt,Promotion,n,2000,Georg-August Universität Göttingen,n,Universität Göttingen,9292
"Rammstedt, Beatrice",http://www.gesis.org/institut/mitarbeiterverzeichnis/?alpha=R&name=beatrice%2Crammstedt,Habilitation,n,2007,Universität Mannheim,n,Universität Mannheim (Mannheim),3337
"Rammstedt, Beatrice",http://www.gesis.org/institut/mitarbeiterverzeichnis/?alpha=R&name=beatrice%2Crammstedt,"Professorin für Psychologische Diagnostik, Umfragedesign und Methodik",n,2011,Universität Mannheim,n,Universität Mannheim (Mannheim),3337
"Rammstedt, Beatrice",http://www.gesis.org/institut/mitarbeiterverzeichnis/?alpha=R&name=beatrice%2Crammstedt,Studium Psychologie,n,n,Universität  Paris-Nanterre ,n,Université Paris X Nanterre (Nanterre),3251
"Rammstedt, Beatrice",http://www.gesis.org/institut/mitarbeiterverzeichnis/?alpha=R&name=beatrice%2Crammstedt,Studium Psychologie,n,n,Universität UC Berkeley,n,University of California Berkeley (Berkeley),3269
"Renner, Karl-Heinz",Universität der Bundeswehr München,Universitätsprofessor,"Leiter des Lehrgebiets Psychologische Methodenlehre, Diagnostik und Evaluation",2007/11-2013/08,FernUniversität Hagen,,Fernuniversität Hagen (Hagen),1098
"Renner, Karl-Heinz",Universität der Bundeswehr München,Studentische Hilfskraft,n,1988-1993,Universität Bamberg,Lehrstuhl für Persönlichkeitspsychologie,Lehrstuhl Psychologie IV Persönlichkeitspsychologie (Bamberg),7430
"Renner, Karl-Heinz",Universität der Bundeswehr München,Wissenschaftlicher Mitarbeiter,n,1994-1999,Universität Bamberg,Lehrstuhl für Persönlichkeitspsychologie,Lehrstuhl Psychologie IV Persönlichkeitspsychologie (Bamberg),7430
"Renner, Karl-Heinz",Universität der Bundeswehr München,Wissenschaftlicher Assistent,n,1999/11-2000/08,Universität Bamberg,Lehrstuhl für Persönlichkeitspsychologie,Lehrstuhl Psychologie IV Persönlichkeitspsychologie (Bamberg),7430
"Renner, Karl-Heinz",Universität der Bundeswehr München,Promotion,Dr.Phl.,2000/02,Universität Bamberg,Lehrstuhl für Persönlichkeitspsychologie,Lehrstuhl Psychologie IV Persönlichkeitspsychologie (Bamberg),7430
"Renner, Karl-Heinz",Universität der Bundeswehr München,Habilitation,Venia Legendi Psychologie,2006/07,Universität Bamberg,Lehrstuhl für Persönlichkeitspsychologie,Lehrstuhl Psychologie IV Persönlichkeitspsychologie (Bamberg),7430
"Renner, Karl-Heinz",Universität der Bundeswehr München,Akademischer Oberrat,n,2006/08-2007/10,Universität Bamberg,Lehrstuhl für Persönlichkeitspsychologie,Lehrstuhl Psychologie IV Persönlichkeitspsychologie (Bamberg),7430
"Renner, Karl-Heinz",Universität der Bundeswehr München,Studium,"Psychologie, Soziologie (Nebenfach)",1987-1993,Universität Bamberg,,Otto-Friedrich-Universität Bamberg (Bamberg),3295
"Renner, Karl-Heinz",Universität der Bundeswehr München,"Gastwissenschaftler DFG-Forschungsgruppe ""Neue Medien""",n,2003/09-2003/11,TU Chemnitz,,Technische Universität Chemnitz (Chemnitz),12792
"Renner, Karl-Heinz",Universität der Bundeswehr München,"Gastwissenschaftler DFG-Forschungsgruppe ""Neue Medien""",n,2004/11-2005/02,TU Chemnitz,,Technische Universität Chemnitz (Chemnitz),12792
"Renner, Karl-Heinz",Universität der Bundeswehr München,Professor,Differentielle und Diagnostische Psychologie,2013/09 -,Universität der Bundeswehr München,,Universität der Bundeswehr München (Neubiberg),3305
"Rittberger, Marc",https://www.dipf.de/de/institut/personen/rittberger-marc,Aufbaustudium,Aufbaustudium Informationswissenschaft,1988 - 1989, Universität Konstanz,Information Retrieval, Universität Konstanz,3332
"Rittberger, Marc",https://www.dipf.de/de/institut/personen/rittberger-marc,Mitarbeiter,n,1989 - 1994,Universität Konstanz,Lehrstuhl Informationswissenschaft, Universität Konstanz,3332
"Rittberger, Marc",https://www.dipf.de/de/institut/personen/rittberger-marc,Professur ,Professur für Informationsmanagement ,Seit 2005, DIPF,n,Deutsches Institut für Internationale Pädagogische Forschung (Frankfurt am Main),14314
"Rittberger, Marc",https://www.dipf.de/de/institut/personen/rittberger-marc,Direktor ,Direktor des Informationszentrum Bildung,Seit 2005,DIPF, Informationszentrum Bildung,Deutsches Institut für Internationale Pädagogische Forschung (Frankfurt am Main),14314
"Rittberger, Marc",https://www.dipf.de/de/institut/personen/rittberger-marc,Geschäftsführender Direktor,n,2008 - 2012,DIPF,n,Deutsches Institut für Internationale Pädagogische Forschung (Frankfurt am Main),14314
"Rittberger, Marc",https://www.dipf.de/de/institut/personen/rittberger-marc,Stellvertretender Geschäftsführender Direktor,n,Seit 2012,DIPF,n,Deutsches Institut für Internationale Pädagogische Forschung (Frankfurt am Main),14314
"Rittberger, Marc",https://www.dipf.de/de/institut/personen/rittberger-marc,Promotion,Promotion über Auswahl von Online-Datenbanken,1995,Universität Konstanz,Lehrstuhl Informationswissenschaft,"Fachbereich Informatik und Informationswissenschaft
Universität Konstanz (Konstanz)",727907
"Rittberger, Marc",https://www.dipf.de/de/institut/personen/rittberger-marc,Assistent ,n,1995 - 2001,Universität Konstanz,Lehrstuhl Informationswissenschaft,"Fachbereich Informatik und Informationswissenschaft
Universität Konstanz (Konstanz)",727907
"Rittberger, Marc",https://www.dipf.de/de/institut/personen/rittberger-marc,Professur ,Professur Filière Information documentaire,2002 - 2005,HEG Genève,n,Haute école de Genève -HEG- Haute école de travail social -HETS-,27768
"Rittberger, Marc",https://www.dipf.de/de/institut/personen/rittberger-marc,Professur ,Professur für Informationsmanagement ,Seit 2005,Hochschule Darmstadt,n,Hochschule Darmstadt,1058
"Rittberger, Marc",https://www.dipf.de/de/institut/personen/rittberger-marc,Lehrstuhlvertretung ,Lehrstuhlvertretung Informationswissenschaft ,2001 - 2002, Heinrich-Heine-Universität Düsseldorf,Informationswissenschaft ,"Institut für Sprache und Information Abt. für Informationswissenschaft
Philosophische Fakultät (Düsseldorf)
Heinrich-Heine-Universität Düsseldorf (Düsseldorf)",27015
"Rittberger, Marc",https://www.dipf.de/de/institut/personen/rittberger-marc,Studium,Studium der Physik,1981 - 1988, Universität Karlsruhe (TH),Theoretische Kernphysik,Karlsruher Institut für Technologie (Karlsruhe),70055
"Rittberger, Marc",https://www.dipf.de/de/institut/personen/rittberger-marc,Stellvertretender Sprecher,n,Seit 2015,Forschungsverbundes Science 2.0,n,n,n
"Rittberger, Marc",https://www.dipf.de/de/institut/personen/rittberger-marc,Leiter ,Leiter Steinbeis-Transferzentrum IMIE,2000 - 2002,Steinbeis-Transferzentrum IMIE,n,Steinbeis-Transferzentrum Angewandte Systemanalyse -STASA- (Stuttgart),26482
"Rosar, Ulrich",Universität Düsseldorf,Mitglied des Wissenschaftlichen Beirates ,Institutionelle Tätigkeiten,seit 2012/12,forsa – Gesellschaft für Sozialforschung und statistische Analyse mbH ,n,"""forsa"" - Gesellschaft für Sozialforschung und statistische Analysen mbH (Berlin)",1366
"Rosar, Ulrich",Universität Düsseldorf,Mitglied des Präsidiums ,Institutionelle Tätigkeiten,seit 2015/06,Deutsche Gesellschaft für Wahlforschung (DGfW) ,n,Deutsche Gesellschaft für Wahlforschung e.V. -DGfW- (Mannheim),69784
"Rosar, Ulrich",Universität Düsseldorf,Akademische Prüfungen,Promotion:Doctor rerum politicarum,2001/01,Otto-Friedrich-Universität Bamberg  ,Sozial- und Wirtschaftswissenschaftliche Fakultät ,"Fak. Sozial- und Wirtschaftswissenschaften – SoWi
Otto-Friedrich-Universität Bamberg (Bamberg)",3867
"Rosar, Ulrich",Universität Düsseldorf,Mitglied des ALLBUS-Beirats ,Institutionelle Tätigkeiten,seit 2015/06,GESIS ,n,GESIS - Leibniz-Institut für Sozialwissenschaften (Köln),69256
"Rosar, Ulrich",Universität Düsseldorf,Universitätsprofessor für Soziologie (W3) ,n,Seit 2010/10,Heinrich-Heine-Universität Düsseldorf, Institut für Sozialwissenschaften ,"Institut für Sozialwissenschaften
Philosophische Fakultät (Düsseldorf)
Heinrich-Heine-Universität Düsseldorf (Düsseldorf)",8129
"Rosar, Ulrich",Universität Düsseldorf,Mitglied und Vorsitz diverser Berufungskommissionen ,Institutionelle Tätigkeiten,seit 2007/05,n,n,n,n
"Rosar, Ulrich",Universität Düsseldorf,Sprecher des DVPW-Arbeitskreises Wahlen und politische Einstellungen ,Institutionelle Tätigkeiten,seit 2011/06,n,n,n,n
"Rosar, Ulrich",Universität Düsseldorf,Akademische Prüfungen,Studium: Magister Artium,1995/10,Heinrich-Heine-Universität Düsseldorf,Philosophische Fakultät ,"Philosophische Fakultät
Heinrich-Heine-Universität Düsseldorf (Düsseldorf)",8445
"Rosar, Ulrich",Universität Düsseldorf,Studium,"Soziologie, der Politikwissenschaft und der Psychologie ",1990/10-1995/10,Heinrich-Heine-Universität Düsseldorf,Philosophischen Fakultät ,"Philosophische Fakultät
Heinrich-Heine-Universität Düsseldorf (Düsseldorf)",8445
"Rosar, Ulrich",Universität Düsseldorf,Prodekan,n,2014/11 - 2015/02,Heinrich-Heine-Universität Düsseldorf,Philosophische Fakultät ,"Philosophische Fakultät
Heinrich-Heine-Universität Düsseldorf (Düsseldorf)",8445
"Rosar, Ulrich",Universität Düsseldorf,Dekan ,n,Seit 2015/03,Heinrich-Heine-Universität Düsseldorf,Philosophische Fakultät ,"Philosophische Fakultät
Heinrich-Heine-Universität Düsseldorf (Düsseldorf)",8445
"Rosar, Ulrich",Universität Düsseldorf,Mitglied des Habilitationsausschusses ,Institutionelle Tätigkeiten, 2010/11 -2014/09,Heinrich-Heine-Universität Düsseldorf ,Philosophische Fakultät ,"Philosophische Fakultät
Heinrich-Heine-Universität Düsseldorf (Düsseldorf)",8445
"Rosar, Ulrich",Universität Düsseldorf,Vorsitz des Promotionsausschusses ,Institutionelle Tätigkeiten,2014/11-2015/02,Heinrich-Heine-Universität Düsseldorf ,Philosophische Fakultät ,"Philosophische Fakultät
Heinrich-Heine-Universität Düsseldorf (Düsseldorf)",8445
"Rosar, Ulrich",Universität Düsseldorf,Vorsitz des Habilitationsausschusses ,Institutionelle Tätigkeiten,seit 2015/03,Heinrich-Heine-Universität Düsseldorf ,Philosophische Fakultät ,"Philosophische Fakultät
Heinrich-Heine-Universität Düsseldorf (Düsseldorf)",8445
"Rosar, Ulrich",Universität Düsseldorf,Prodekan ,Institutionelle Tätigkeiten,2014/11-2015/02,Heinrich-Heine-Universität Düsseldorf ,Philosophische Fakultät ,"Philosophische Fakultät
Heinrich-Heine-Universität Düsseldorf (Düsseldorf)",8445
"Rosar, Ulrich",Universität Düsseldorf,Dekan ,Institutionelle Tätigkeiten,seit 2015/03,Heinrich-Heine-Universität Düsseldorf ,Philosophische Fakultät ,"Philosophische Fakultät
Heinrich-Heine-Universität Düsseldorf (Düsseldorf)",8445
"Rosar, Ulrich",Universität Düsseldorf,Akademische Prüfungen,Habilitation :Venia legendi für Soziologie,2009/06,Universität zu Köln,Wirtschafts- und Sozialwissenschaftliche Fakultät ,Universität zu Köln,3327
"Rosar, Ulrich",Universität Düsseldorf, Akademischer Leiter des Master-Studiengangs Soziologie und empirische Sozialforschung,n,2009/09-2010/09,Universität zu Köln ,n,Universität zu Köln,3327
"Rosar, Ulrich",Universität Düsseldorf,Wissenschaftlicher Mitarbeiter bzw. Wissenschaftlicher Assistent ,n,1995/11-2007/03,Universität zu Köln, Institut für Angewandte Sozialforschung und am Forschungsinstitut für Soziologie ,Universitäts- und Stadtbibliothek Köln – USB,727529
"Rosar, Ulrich",Universität Düsseldorf,Geschäftsführer ,n,2007/04-2010/09, Universität zu Köln ,Forschungsinstitut für Soziologie und des Seminar für Soziologie ,Universitäts- und Stadtbibliothek Köln – USB,727529
"Rosar, Ulrich",Universität Düsseldorf,Vertretung des Lehrstuhls Soziologie III (W3),n,2009/09 – 2010/03,Universität zu Köln ,Forschungsinstitut für Soziologie ,Universitäts- und Stadtbibliothek Köln – USB,727529
"Rosar, Ulrich",Universität Düsseldorf,Vertretung des Lehrstuhls Soziologie II (W3),n,2010/04 – 2010/09,Universität zu Köln ,Forschungsinstitut für Soziologie ,Universitäts- und Stadtbibliothek Köln – USB,727529
"Schmitt-Beck, Rüdiger",Universität Mannheim,Professor,Professor für Politikwissenschaften mit dem Schwerpunkt Politik und Kommunikation Universität Duisburg-Essen,2003-2008,Universität Duisburg-Essen,Institut für Politikwissenschaft,Institut für Politikwissenschaft (Duisburg),8685
"Schmitt-Beck, Rüdiger",Universität Mannheim,Professor ,"Lehrstuhl für Politische Wissenschaft I - Politische Soziologie, Universität Mannheim",2008-,Universität Mannheim,Lehrstuhl für Politische Wissenschaft I Politische Soziologie,Lehrstuhl für Politische Wissenschaft I Politische Soziologie (Mannheim),7454
"Schmitt-Beck, Rüdiger",Universität Mannheim,Wissenschaftlicher Mitarbeiter,n,1990-1995,Mannheimer Zentrum für Europäische Sozialforschung (MZES),,Mannheimer Zentrum für Europäische Sozialforschung -MZES- (Mannheim),10378
"Schmitt-Beck, Rüdiger",Universität Mannheim,Visiting Fellow,n,WS 2007/2008,"University of Auckland, Neuseeland",,n,n
"Schmitt-Beck, Rüdiger",Universität Mannheim,Visiting Fellow,n,WS 2015/2016,"Australian National University, Canberra/Australien",,The Australian National University Canberra (Canberra),10026
"Schmitt-Beck, Rüdiger",Universität Mannheim,Wissenschaftlicher Assistent,n,1988-1990,Universität Heidelberg,,Universität Heidelberg (Heidelberg),3324
"Schmitt-Beck, Rüdiger",Universität Mannheim,Studium,"Diplom Soziologie, Psychologie, Politikwissenschaft",1975-1981,Universität Mannheim,,Universität Mannheim (Mannheim),3337
"Schmitt-Beck, Rüdiger",Universität Mannheim,Wissenschaftlicher Mitarbeiter,n,1983-1988,Universität Mannheim,,Universität Mannheim (Mannheim),3337
"Schmitt-Beck, Rüdiger",Universität Mannheim,Promotion,Dr.,1989,Universität Mannheim,,Universität Mannheim (Mannheim),3337
"Schmitt-Beck, Rüdiger",Universität Mannheim,Wissenschaftlicher Assistent,n,1995-2000,Universität Mannheim,,Universität Mannheim (Mannheim),3337
"Schmitt-Beck, Rüdiger",Universität Mannheim,Habilitation,n,1999,Universität Mannheim,,Universität Mannheim (Mannheim),3337
"Schmitt-Beck, Rüdiger",Universität Mannheim,Gastprofessor,n,SS 2002,Universität Zürich,,Universität Zürich (Zürich),3354
"Schmitt-Beck, Rüdiger",Universität Mannheim,Visiting Research Scholar,n,SS 2016,"University of British Columbia, Vancouver/Kanada",,University of British Columbia Vancouver (Vancouver),3268
"Schmitt-Beck, Rüdiger",Universität Mannheim,Wissenschaftlicher Leiter,n,2000-2003,"Zentrum für Umfragen, Methoden und Analysen (ZUMA), Mannheim",,"Zentrum für Umfragen, Methoden und Analysen (Mannheim)",3593
"Stocké, Volker",https://www.uni-kassel.de/fb05/uploads/media/Stock%C3%A9_Lebenslauf_deutsch.pdf,Studium,n,"1987-1994",Universität Mannheim,n,Universität Mannheim (Mannheim),3337
"Stocké, Volker",https://www.uni-kassel.de/fb05/uploads/media/Stock%C3%A9_Lebenslauf_deutsch.pdf,Studium,Diplom,1994,Universität Mannheim,n,Universität Mannheim (Mannheim),3337
"Stocké, Volker",https://www.uni-kassel.de/fb05/uploads/media/Stock%C3%A9_Lebenslauf_deutsch.pdf,Promotion,Dr. phil.,2001,Universität Mannheim,Fakultät für Sozialwissenschaf,Universität Mannheim (Mannheim),3337
"Stocké, Volker",https://www.uni-kassel.de/fb05/uploads/media/Stock%C3%A9_Lebenslauf_deutsch.pdf,Habilitation,Venia Legendi im Fach Soziologie,Mai 2009,Universität Mannheim,Fakultät für Sozialwissenschaf,Universität Mannheim (Mannheim),3337
"Stocké, Volker",https://www.uni-kassel.de/fb05/uploads/media/Stock%C3%A9_Lebenslauf_deutsch.pdf,ICPSR Summer School in Quantitative Methods of Social Research,n,1996," University of Michigan,
Ann Arbor (USA)",n,University of Michigan (Ann Arbor),9913
"Strohmaier, Markus",Homepage markusstrohmaier.info,Professor,n,2013/05 -,Universität Koblenz-Landau,Lehrstuhl Informatik,FB 04 Informatik (Koblenz),12172
"Strohmaier, Markus",Homepage markusstrohmaier.info,Scientific Director,n,2013/05 - 2017/05,"GESIS Leibniz Institut für Sozialwissenschaften eV: Mannheim, Baden-Württemberg, Germany",,GESIS - Leibniz-Institut für Sozialwissenschaften (Mannheim),10581
"Strohmaier, Markus",Homepage markusstrohmaier.info,Visiting Scientist/Professor,n,"2009,2010-2011",XEROX Parc,,n,n
"Strohmaier, Markus",Homepage markusstrohmaier.info,Visiting Scientist/Professor,n,2009,RWTH Aachen,,Rheinisch-Westfälische Technische Hochschule Aachen (Aachen),3189
"Strohmaier, Markus",GESIS,,n,2017/06,RWTH Aachen,,Rheinisch-Westfälische Technische Hochschule Aachen (Aachen),3189
"Strohmaier, Markus",Homepage markusstrohmaier.info,Visiting Scientist/Professor,n,WS 2011/12,Stanford University,,Stanford University (Stanford),10388
"Strohmaier, Markus",Homepage markusstrohmaier.info,Studium,Ph.D.,2004,Technische Universität Graz,,Technische Universität Graz (Graz),3194
"Strohmaier, Markus",Homepage markusstrohmaier.info,Habilitation,Emergent properties of social-computational systems,2012,Technische Universität Graz,,Technische Universität Graz (Graz),3194
"Strohmaier, Markus",Homepage markusstrohmaier.info,Postdoctoral Fellow,Department of Computer Science,2006-2007,Universität Toronto,,University of Toronto (Toronto),3286
"Weins, Cornelia",Ruhr-Universität Bochum,Professorin,Methodenlehre,?,Universität Trier,Professur für Empirische Sozialforschung und Methodenlehre,Fach Soziologie Professur für Empirische Sozialforschung und Methodenlehre (Trier),327
"Weins, Cornelia",Ruhr-Universität Bochum,Professorin,Lehrstuhl Empirische Sozialforschung,? - ,Ruhr-Universität Bochum,Lehrstuhl für Empirische Sozialforschung,Sektion Sozialwissenschaftliche Methoden und Statistik Lehrstuhl für Empirische Sozialforschung (Bochum),28096
"Wolf, Christoph",ORCID,Education,Dr. rer. pol.,1996,"Universität zu Köln: Koln, Nordrhein-Westfalen, Germany",Forschungsinstitut für Soziologie,Forschungsinstitut für Soziologie (Köln),4711
"Wolf, Christoph",ORCID,Employment,,2004/11-,"GESIS Leibniz Institut für Sozialwissenschaften eV: Mannheim, Baden-Württemberg, Germany",,GESIS - Leibniz-Institut für Sozialwissenschaften (Mannheim),10581
"Wolf, Christoph",GESIS,Abteilungsleiter,,2004-2015,GESIS - Leibniz-Institut für Sozialwissenschaften (Mannheim),GESIS - Leibniz-Institut für Sozialwissenschaften Abt. Dauerbeobachtung der Gesellschaft (Mannheim),GESIS - Leibniz-Institut für Sozialwissenschaften Abt. Dauerbeobachtung der Gesellschaft (Mannheim),69258
"Wolf, Christoph",ORCID,Education,Diplom Soziologe,1983/4-1988/7,"Universität Hamburg: Hamburg, Hamburg, Germany",Institut für Soziologie,Institut für Soziologie (Hamburg),9199
"Wolf, Christoph",GESIS,Professor für Soziologie,,2009-,Universität Mannheim,Professur für Methoden der empirischen Sozialforschung (Mannheim),Professur für Methoden der Empirischen Sozialforschung (Mannheim),728487
"Wolf, Christoph",ORCID,Education,Venia Legendi,2003,"Universität zu Köln: Koln, Nordrhein-Westfalen, Germany",Wirtschafts- und Sozialwissenschaftliche Fakultät,Wirtschafts- und Sozialwissenschaftliche Fakultät (Köln),9329
"Womser-Hacker, Christa",https://www.uni-hildesheim.de/fb3/institute/iwist/mitglieder/womser/wissenschaftlicher-werdegang/,Studium,n,1976 - 1984, Universität Regensburg,n, Universität Regensburg,3344
"Womser-Hacker, Christa",https://www.uni-hildesheim.de/fb3/institute/iwist/mitglieder/womser/wissenschaftlicher-werdegang/,Magister Artium,n,1984, Universität Regensburg,n, Universität Regensburg,3344
"Womser-Hacker, Christa",https://www.uni-hildesheim.de/fb3/institute/iwist/mitglieder/womser/wissenschaftlicher-werdegang/,Promotion,n,1988,Universität Regensburg,n, Universität Regensburg,3344
"Womser-Hacker, Christa",https://www.uni-hildesheim.de/fb3/institute/iwist/mitglieder/womser/wissenschaftlicher-werdegang/,Projektleitung ,n,1984 - 1997,Universität Regensburg,n, Universität Regensburg,3344
"Womser-Hacker, Christa",https://www.uni-hildesheim.de/fb3/institute/iwist/mitglieder/womser/wissenschaftlicher-werdegang/,Wissenschaftliche Assistentin/Oberassistentin,n,1991 - 1997	,Universität Regensburg,Fakultät für Informationswissenschaft, Universität Regensburg,3344
"Womser-Hacker, Christa",https://www.uni-hildesheim.de/fb3/institute/iwist/mitglieder/womser/wissenschaftlicher-werdegang/,"Ruf auf die C4-Professur ""Informationswissenschaft"" ",abgelehnt,2002,Heinrich-Heine-Universität Düsseldorf,n,Heinrich-Heine-Universität Düsseldorf (Düsseldorf),725814
"Womser-Hacker, Christa",https://www.uni-hildesheim.de/fb3/institute/iwist/mitglieder/womser/wissenschaftlicher-werdegang/,Habilitation und Venia Legendi,n,1997,n,n,n,n
"Womser-Hacker, Christa",https://www.uni-hildesheim.de/fb3/institute/iwist/mitglieder/womser/wissenschaftlicher-werdegang/,"C3-Professur für ""Angewandte Informationswissenschaft""",n,1998 - 2002, Universität Hildesheim,n,Stiftung Universität Hildesheim (Hildesheim),1534
"Womser-Hacker, Christa",https://www.uni-hildesheim.de/fb3/institute/iwist/mitglieder/womser/wissenschaftlicher-werdegang/,"C4-Professur für ""Informationswissenschaft"" ",n,seit 2002,Universität Hildesheim,n,Stiftung Universität Hildesheim (Hildesheim),1534
"Womser-Hacker, Christa",https://www.uni-hildesheim.de/fb3/institute/iwist/mitglieder/womser/wissenschaftlicher-werdegang/,"Vertretung der Professur ""Informationsmanagement""",n,1997 - 1998,Universität Konstanz,n,Universität Konstanz,3332